{
    "train_loss": [
        2.466052634366019,
        1.091457432266227,
        0.5876536603985091,
        0.351318806220327,
        0.2659107731757719,
        0.24951599695289006,
        0.1720856951025925,
        0.055734425398990005,
        0.027448012502047776,
        0.020151741707680516
    ],
    "train_acc": [
        0.36383743433784904,
        0.6933923140724357,
        0.8312137130218413,
        0.900331766657451,
        0.9243848493226431,
        0.9247995576444568,
        0.9516173624550733,
        0.9863146253801494,
        0.9944705557091512,
        0.9958529167818635
    ],
    "val_loss": [
        2.080757849338644,
        0.9343081497124632,
        0.5541475405128685,
        0.43290067644721125,
        0.40037408079992404,
        0.28576373803447486,
        0.35931425731110944,
        0.14175622681218428,
        0.12076281444543321,
        0.11653228127599619
    ],
    "val_acc": [
        0.4625813449023861,
        0.7261388286334056,
        0.8432754880694143,
        0.8774403470715836,
        0.8909978308026031,
        0.9229934924078091,
        0.8969631236442517,
        0.95824295010846,
        0.9658351409978309,
        0.9663774403470716
    ]
}