{
    "train_loss": [
        2.466052634366019,
        1.091457432266227,
        0.5876536603985091,
        0.351318806220327,
        0.2659107731757719,
        0.24951599695289006,
        0.1720856951025925,
        0.055734425398990005,
        0.027448012502047776,
        0.020151741707680516,
        0.01410694864859461,
        0.012257653165722967,
        0.010317709744965336,
        0.012416968772531314,
        0.0071894238345821425,
        0.008313712886672901,
        0.0073057634875442,
        0.007716677148788055,
        0.006535385771767067,
        0.007124480077642036,
        0.006295757355075252,
        0.006683275773029549,
        0.006743278603651657,
        0.0062575408633214384,
        0.0061314513884692815
    ],
    "train_acc": [
        0.36383743433784904,
        0.6933923140724357,
        0.8312137130218413,
        0.900331766657451,
        0.9243848493226431,
        0.9247995576444568,
        0.9516173624550733,
        0.9863146253801494,
        0.9944705557091512,
        0.9958529167818635,
        0.9979264583909317,
        0.9984794028200166,
        0.9991705833563728,
        0.9984794028200166,
        0.9997235277854576,
        0.9991705833563728,
        0.9994470555709152,
        0.9995852916781863,
        0.9995852916781863,
        0.9994470555709152,
        0.9997235277854576,
        0.9995852916781863,
        0.9991705833563728,
        0.9997235277854576,
        0.9997235277854576
    ],
    "val_loss": [
        2.080757849338644,
        0.9343081497124632,
        0.5541475405128685,
        0.43290067644721125,
        0.40037408079992404,
        0.28576373803447486,
        0.35931425731110944,
        0.14175622681218428,
        0.12076281444543321,
        0.11653228127599619,
        0.11210907601479667,
        0.10691540736474381,
        0.10132858597781053,
        0.10040829176325129,
        0.10376021732149925,
        0.10348729634646896,
        0.1053381247986098,
        0.10239308130275357,
        0.10203258983044403,
        0.096328156356424,
        0.09785792263807555,
        0.10352230425030114,
        0.10412241111662533,
        0.10118382390075385,
        0.10318486388684846
    ],
    "val_acc": [
        0.4625813449023861,
        0.7261388286334056,
        0.8432754880694143,
        0.8774403470715836,
        0.8909978308026031,
        0.9229934924078091,
        0.8969631236442517,
        0.95824295010846,
        0.9658351409978309,
        0.9663774403470716,
        0.9680043383947939,
        0.9685466377440347,
        0.970173535791757,
        0.9680043383947939,
        0.9696312364425163,
        0.9685466377440347,
        0.9680043383947939,
        0.9680043383947939,
        0.9696312364425163,
        0.970173535791757,
        0.9690889370932755,
        0.970173535791757,
        0.9690889370932755,
        0.9696312364425163,
        0.9690889370932755
    ]
}