{
    "train_loss": [
        0.49606375901885713,
        0.2801853493467445,
        0.23888370451287272,
        0.19393247781522543,
        0.17169020693640977,
        0.1650388372220828,
        0.1497427914716217,
        0.08232214863165695,
        0.06337279112085407,
        0.054397205528227535
    ],
    "train_acc": [
        0.8311840562719813,
        0.9042594763579523,
        0.920672137553732,
        0.9333072814901655,
        0.9422951673830924,
        0.9422951673830924,
        0.9478963136641918,
        0.9721245278103426,
        0.9790282662498373,
        0.9835873388042204
    ],
    "val_loss": [
        0.35181114550744425,
        0.2972172702245174,
        0.18420360428104357,
        0.21231037580292905,
        0.15104321581818606,
        0.15381276607404434,
        0.12311904633804864,
        0.06378563830749762,
        0.06364332239285099,
        0.057522969209095574
    ],
    "val_acc": [
        0.8642745709828394,
        0.9063962558502341,
        0.9407176287051483,
        0.9261570462818514,
        0.9438377535101405,
        0.9485179407176288,
        0.9594383775351015,
        0.9771190847633906,
        0.9771190847633906,
        0.9791991679667188
    ]
}