{
    "train_loss": [
        0.49606375901885713,
        0.2801853493467445,
        0.23888370451287272,
        0.19393247781522543,
        0.17169020693640977,
        0.1650388372220828,
        0.1497427914716217,
        0.08232214863165695,
        0.06337279112085407,
        0.054397205528227535,
        0.04888208872839174,
        0.04286588874561946,
        0.0340321911451592,
        0.03216175825532947,
        0.028063322849343878,
        0.02826085998022232,
        0.026317665642446447,
        0.023899221503727405,
        0.022953002307584885,
        0.022238907380041934,
        0.022238438536280904,
        0.022363064247375785,
        0.020979436746852077,
        0.020382244078039936,
        0.022648418506723146
    ],
    "train_acc": [
        0.8311840562719813,
        0.9042594763579523,
        0.920672137553732,
        0.9333072814901655,
        0.9422951673830924,
        0.9422951673830924,
        0.9478963136641918,
        0.9721245278103426,
        0.9790282662498373,
        0.9835873388042204,
        0.9835873388042204,
        0.9855412270418132,
        0.9876253744952456,
        0.9884069297902828,
        0.9903608180278756,
        0.9901002995961965,
        0.9917936694021102,
        0.9914028917545917,
        0.9924449654813079,
        0.993226520776345,
        0.9925752246971474,
        0.992705483912987,
        0.9930962615605055,
        0.9924449654813079,
        0.9925752246971474
    ],
    "val_loss": [
        0.35181114550744425,
        0.2972172702245174,
        0.18420360428104357,
        0.21231037580292905,
        0.15104321581818606,
        0.15381276607404434,
        0.12311904633804864,
        0.06378563830749762,
        0.06364332239285099,
        0.057522969209095574,
        0.058614410640293414,
        0.05779654734370674,
        0.059686793262803205,
        0.057802292973991275,
        0.05828827664404714,
        0.06045396294998081,
        0.05691643063999886,
        0.05549508321337437,
        0.057372792135785,
        0.05704813811601583,
        0.057847896663180194,
        0.05779875787742376,
        0.05689850310325081,
        0.057563741998135604,
        0.05812212067629522
    ],
    "val_acc": [
        0.8642745709828394,
        0.9063962558502341,
        0.9407176287051483,
        0.9261570462818514,
        0.9438377535101405,
        0.9485179407176288,
        0.9594383775351015,
        0.9771190847633906,
        0.9771190847633906,
        0.9791991679667188,
        0.9791991679667188,
        0.9786791471658868,
        0.9823192927717109,
        0.9807592303692149,
        0.9797191887675508,
        0.9791991679667188,
        0.9791991679667188,
        0.9823192927717109,
        0.9797191887675508,
        0.9812792511700469,
        0.9817992719708789,
        0.9812792511700469,
        0.9812792511700469,
        0.9812792511700469,
        0.9812792511700469
    ]
}